{"name":"c7996481-9ac4-433f-a533-394f8444ff76","id":"/providers/Microsoft.Flow/flows/c7996481-9ac4-433f-a533-394f8444ff76","type":"Microsoft.Flow/flows","properties":{"apiId":"/providers/Microsoft.PowerApps/apis/shared_logicflows","displayName":"CSV TO EXCEL","definition":{"metadata":{"workflowEntityId":null,"processAdvisorMetadata":null,"flowChargedByPaygo":null,"flowclientsuspensionreason":"None","flowclientsuspensiontime":null,"flowclientsuspensionreasondetails":null,"creator":{"id":"d613220b-28a5-4e13-9c01-829ff0ecffb4","type":"User","tenantId":"99f7b55e-9cbe-467b-8143-919782918afb"},"provisioningMethod":"FromDefinition","failureAlertSubscription":true,"clientLastModifiedTime":"2024-11-15T05:44:21.1693067Z","connectionKeySavedTimeKey":"2024-11-15T05:44:21.1693067Z"},"$schema":"https://schema.management.azure.com/providers/Microsoft.Logic/schemas/2016-06-01/workflowdefinition.json#","contentVersion":"1.0.0.0","parameters":{"$connections":{"defaultValue":{},"type":"Object"},"$authentication":{"defaultValue":{},"type":"SecureObject"}},"triggers":{"When_a_file_is_created":{"recurrence":{"interval":5,"frequency":"Minute"},"metadata":{"b!tOhwJrTUoUeqs5zH5taU1vQ0-iXJi2JClT9UVgO_XO7r4VYjtuQSQJ2FcUAl45_7.01ANSCJV6FXVYXJNMF2FBJO76LSL7ZL4O4":"/Test BetekAula/ClasesCSV","operationMetadataId":"d4319f1b-96f8-4bd6-a266-4a86fef06b2c"},"type":"OpenApiConnection","inputs":{"host":{"apiId":"/providers/Microsoft.PowerApps/apis/shared_onedriveforbusiness","connectionName":"shared_onedriveforbusiness","operationId":"OnNewFileV2"},"parameters":{"folderId":"b!tOhwJrTUoUeqs5zH5taU1vQ0-iXJi2JClT9UVgO_XO7r4VYjtuQSQJ2FcUAl45_7.01ANSCJV6FXVYXJNMF2FBJO76LSL7ZL4O4","includeSubfolders":false,"inferContentType":true},"authentication":"@parameters('$authentication')"}}},"actions":{"Is_the_file_a_csv_file":{"actions":{"Create_file":{"runAfter":{},"metadata":{"operationMetadataId":"d54a17fe-093b-4b95-a8aa-657a8b204e07"},"type":"OpenApiConnection","inputs":{"host":{"apiId":"/providers/Microsoft.PowerApps/apis/shared_onedriveforbusiness","connectionName":"shared_onedriveforbusiness","operationId":"CreateFile"},"parameters":{"folderPath":"/Test BetekAula/Clases","name":"@{substring(outputs('Get_file_name'), 0 , sub(length(outputs('Get_file_name')), 4))}.xlsx","body":"@body('Get_file_content')"},"authentication":"@parameters('$authentication')"},"runtimeConfiguration":{"contentTransfer":{"transferMode":"Chunked"}}},"CSV_to_Excel":{"runAfter":{"Create_file":["Succeeded"]},"metadata":{"operationMetadataId":"245788fe-4589-4e1a-8b65-ede5a9c2cc65","tableId":null},"type":"OpenApiConnection","inputs":{"host":{"apiId":"/providers/Microsoft.PowerApps/apis/shared_excelonlinebusiness","connectionName":"shared_excelonlinebusiness","operationId":"RunScriptProd"},"parameters":{"source":"me","drive":"b!tOhwJrTUoUeqs5zH5taU1vQ0-iXJi2JClT9UVgO_XO7r4VYjtuQSQJ2FcUAl45_7","file":"@outputs('Create_file')?['body/Id']","scriptId":"ms-officescript%3A%2F%2Fonedrive_business_itemlink%2F01ANSCJV5QTO45XHMVZFEYBG3X5O4BRIFD","ScriptParameters/csv":"@triggerOutputs()?['body']"},"authentication":"@parameters('$authentication')"}},"Create_and_organize_table":{"runAfter":{"CSV_to_Excel":["Succeeded"]},"metadata":{"operationMetadataId":"869b6409-f02b-4d77-bbb7-66e6c3b5a813","tableId":null},"type":"OpenApiConnection","inputs":{"host":{"apiId":"/providers/Microsoft.PowerApps/apis/shared_excelonlinebusiness","connectionName":"shared_excelonlinebusiness","operationId":"RunScriptProd"},"parameters":{"source":"me","drive":"b!tOhwJrTUoUeqs5zH5taU1vQ0-iXJi2JClT9UVgO_XO7r4VYjtuQSQJ2FcUAl45_7","file":"@outputs('Create_file')?['body/Id']","scriptId":"ms-officescript%3A%2F%2Fonedrive_business_itemlink%2F01ANSCJV5WW7HNZU6Q2JFI3YO2R5MYSXMR"},"authentication":"@parameters('$authentication')"}}},"runAfter":{"Get_file_content":["Succeeded"]},"expression":{"endsWith":["@outputs('Get_file_name')",".csv"]},"metadata":{"operationMetadataId":"1424b955-e76a-4c4b-9f88-98856bc7ba79"},"type":"If"},"Get_file_content":{"runAfter":{"Get_file_name":["Succeeded"]},"metadata":{"b!tOhwJrTUoUeqs5zH5taU1vQ0-iXJi2JClT9UVgO_XO7r4VYjtuQSQJ2FcUAl45_7.01ANSCJV7E2NAMY7LXLRC2Z4EJ6DZ3CGUU":"/Test BetekAula/Script.xlsx","operationMetadataId":"043dec6d-90e0-4c3f-a9b4-ac5c3aeab9fe"},"type":"OpenApiConnection","inputs":{"host":{"apiId":"/providers/Microsoft.PowerApps/apis/shared_onedriveforbusiness","connectionName":"shared_onedriveforbusiness","operationId":"GetFileContent"},"parameters":{"id":"b!tOhwJrTUoUeqs5zH5taU1vQ0-iXJi2JClT9UVgO_XO7r4VYjtuQSQJ2FcUAl45_7.01ANSCJV7E2NAMY7LXLRC2Z4EJ6DZ3CGUU","inferContentType":true},"authentication":"@parameters('$authentication')"}},"Get_file_name":{"runAfter":{},"metadata":{"operationMetadataId":"282d14e9-d50d-4f60-8a13-a070921cba5d"},"type":"Compose","inputs":"@triggerOutputs()?['headers/x-ms-file-name']"},"Add_a_row_into_a_table":{"runAfter":{"Split_date":["Succeeded"]},"metadata":{"01ANSCJV6QW3UCIO32YBHICUZAM7QTJPH2":"/Test BetekAula/clases.xlsx","operationMetadataId":"62e60bb5-857a-4f6f-b589-1a584ea101ae","tableId":"{00000000-000C-0000-FFFF-FFFF00000000}","01ANSCJVZSB5B4M344WFFZIORMNKEINQAX":"/Test BetekAula/Clases1.xlsx"},"type":"OpenApiConnection","inputs":{"host":{"apiId":"/providers/Microsoft.PowerApps/apis/shared_excelonlinebusiness","connectionName":"shared_excelonlinebusiness","operationId":"AddRowV2"},"parameters":{"source":"me","drive":"b!tOhwJrTUoUeqs5zH5taU1vQ0-iXJi2JClT9UVgO_XO7r4VYjtuQSQJ2FcUAl45_7","file":"01ANSCJVZSB5B4M344WFFZIORMNKEINQAX","table":"{00000000-000C-0000-FFFF-FFFF00000000}","item/ID_Clase":"@outputs('Get_biggest_id')","item/Materia":"@outputs('Split_name')[0]","item/Fecha":"@concat(outputs('Split_date'),'/',outputs('Split_name')[2],'/',split(outputs('Split_name')[3],'.')[0])"},"authentication":"@parameters('$authentication')"}},"List_rows_present_in_a_table":{"runAfter":{"Is_the_file_a_csv_file":["Succeeded"]},"metadata":{"01ANSCJV6QW3UCIO32YBHICUZAM7QTJPH2":"/Test BetekAula/Clases.xlsx","operationMetadataId":"ed7d4136-7873-419e-8344-9c18c9338d31","tableId":"{00000000-000C-0000-FFFF-FFFF00000000}","01ANSCJVZSB5B4M344WFFZIORMNKEINQAX":"/Test BetekAula/Clases1.xlsx"},"type":"OpenApiConnection","inputs":{"host":{"apiId":"/providers/Microsoft.PowerApps/apis/shared_excelonlinebusiness","connectionName":"shared_excelonlinebusiness","operationId":"GetItems"},"parameters":{"source":"me","drive":"b!tOhwJrTUoUeqs5zH5taU1vQ0-iXJi2JClT9UVgO_XO7r4VYjtuQSQJ2FcUAl45_7","file":"01ANSCJVZSB5B4M344WFFZIORMNKEINQAX","table":"{00000000-000C-0000-FFFF-FFFF00000000}"},"authentication":"@parameters('$authentication')"}},"Get_values":{"runAfter":{"List_rows_present_in_a_table":["Succeeded"]},"metadata":{"operationMetadataId":"c984b9e8-ca81-4d47-a732-5477be00db0d"},"type":"Compose","inputs":"@outputs('List_rows_present_in_a_table')?['body/value']"},"Get_biggest_id":{"runAfter":{"Get_values":["Succeeded"]},"metadata":{"operationMetadataId":"cc599804-7b33-4c53-a114-b71dc05e80d6"},"type":"Compose","inputs":"@add(int(last(outputs('Get_values'))?['ID_Clase']),1)"},"Split_name":{"runAfter":{"Get_biggest_id":["Succeeded"]},"metadata":{"operationMetadataId":"798d2a42-53bf-4f87-bb64-b530129e4d69"},"type":"Compose","inputs":"@split(outputs('Get_file_name'),'-')"},"Split_date":{"runAfter":{"Split_name":["Succeeded"]},"metadata":{"operationMetadataId":"4342f9f5-b0c5-43a4-a189-a6a399006edb"},"type":"Compose","inputs":"@split(outputs('Split_name')[1],' ')[3]"},"Run_script":{"runAfter":{"Add_a_row_into_a_table":["Succeeded"]},"metadata":{"01ANSCJV6QW3UCIO32YBHICUZAM7QTJPH2":"/Test BetekAula/clases.xlsx","operationMetadataId":"f8961497-7faf-430a-95ca-325e6ccdf2be","tableId":null,"01ANSCJVZSB5B4M344WFFZIORMNKEINQAX":"/Test BetekAula/Clases1.xlsx"},"type":"OpenApiConnection","inputs":{"host":{"apiId":"/providers/Microsoft.PowerApps/apis/shared_excelonlinebusiness","connectionName":"shared_excelonlinebusiness","operationId":"RunScriptProd"},"parameters":{"source":"me","drive":"b!tOhwJrTUoUeqs5zH5taU1vQ0-iXJi2JClT9UVgO_XO7r4VYjtuQSQJ2FcUAl45_7","file":"01ANSCJVZSB5B4M344WFFZIORMNKEINQAX","scriptId":"ms-officescript%3A%2F%2Fonedrive_business_itemlink%2F01ANSCJVYJPGTFYNCPLZHYHVRPKSBRZ6MN"},"authentication":"@parameters('$authentication')"}}}},"connectionReferences":{"shared_onedriveforbusiness":{"connectionName":"shared-onedriveforbu-2b973421-16b2-41b6-849b-be7a78cbf505","source":"Embedded","id":"/providers/Microsoft.PowerApps/apis/shared_onedriveforbusiness","tier":"NotSpecified"},"shared_excelonlinebusiness":{"connectionName":"shared-excelonlinebu-422c900d-08d5-43cb-a196-b45e1ac78109","source":"Embedded","id":"/providers/Microsoft.PowerApps/apis/shared_excelonlinebusiness","tier":"NotSpecified"}},"flowFailureAlertSubscribed":false,"isManaged":false}}